Year,MAKE,MODEL,VEHICLE CLASS,ENGINE SIZE,CYLINDERS,TRANSMISSION,FUEL,FUEL CONSUMPTION,COEMISSIONS 
2000,ACURA,1.6EL,COMPACT,1.6,4,A4,X,10.5,216
2000,ACURA,1.6EL,COMPACT,1.6,4,M5,X,9.8,205
2000,ACURA,3.2TL,MID-SIZE,3.2,6,AS5,Z,13.7,265
2000,ACURA,3.5RL,MID-SIZE,3.5,6,A4,Z,15,301
2000,ACURA,INTEGRA,SUBCOMPACT,1.8,4,A4,X,11.4,230
2000,ACURA,INTEGRA,SUBCOMPACT,1.8,4,M5,X,10.6,219
2000,ACURA,INTEGRA GSR/TYPE R,SUBCOMPACT,1.8,4,M5,Z,10.8,223
2000,ACURA,NSX,SUBCOMPACT,3,6,AS4,Z,15.2,306
2000,ACURA,NSX,SUBCOMPACT,3.2,6,M6,Z,15.4,306
2000,AUDI,A4,COMPACT,1.8,4,A5,Z,12.9,251
2000,AUDI,A4,COMPACT,1.8,4,M5,Z,11.1,223
2000,AUDI,A4,COMPACT,2.8,6,A5,Z,14.6,285
2000,AUDI,A4,COMPACT,2.8,6,M5,Z,13.2,260
2000,AUDI,A4 QUATTRO,COMPACT,1.8,4,A5,Z,13.6,267
2000,AUDI,A4 QUATTRO,COMPACT,1.8,4,M5,Z,12.1,246
2000,AUDI,A4 QUATTRO,COMPACT,2.8,6,A5,Z,14.9,292
2000,AUDI,A4 QUATTRO,COMPACT,2.8,6,M5,Z,14.3,288
2000,AUDI,A6,MID-SIZE,2.8,6,A5,Z,15,294
2000,AUDI,A6 AVANT QUATTRO,STATION WAGON - MID-SIZE,2.8,6,A5,Z,15.4,306
2000,AUDI,A6 QUATTRO,MID-SIZE,2.7,6,A5,Z,15.2,304
2000,AUDI,A6 QUATTRO,MID-SIZE,2.7,6,M6,Z,15.2,304
2000,AUDI,A6 QUATTRO,MID-SIZE,2.8,6,A5,Z,15.4,306
2000,AUDI,A6 QUATTRO,MID-SIZE,2.8,6,M5,Z,14.6,297
2000,AUDI,A6 QUATTRO,MID-SIZE,4.2,8,A5,Z,15.5,308
2000,AUDI,A8 QUATTRO,MID-SIZE,4.2,8,A5,Z,15.5,308
2000,AUDI,S4 QUATTRO,COMPACT,2.7,6,A5,Z,15.2,304
2000,AUDI,S4 QUATTRO,COMPACT,2.7,6,M6,Z,15.2,304
2000,AUDI,TT COUPE QUATTRO,MINICOMPACT,1.8,4,M5,Z,13.1,260
2000,AUDI,TT COUPE QUATTRO (SUPERCHARGED),MINICOMPACT,1.8,4,M6,Z,13.1,260
2000,AUDI,TT ROADSTER,TWO-SEATER,1.8,4,M5,Z,12.3,246
2000,AUDI,TT ROADSTER QUATTRO (SUPERCHARGED),TWO-SEATER,1.8,4,M6,Z,13.1,260
2000,BMW,323 CONVERTIBLE,COMPACT,2.5,6,A5,Z,14.6,292
2000,BMW,323 CONVERTIBLE,COMPACT,2.5,6,M5,Z,13.9,281
2000,BMW,323Ci,COMPACT,2.5,6,A5,Z,13.8,271
2000,BMW,323Ci,COMPACT,2.5,6,M5,Z,13,258
2000,BMW,323i,COMPACT,2.5,6,A5,Z,13.8,271
2000,BMW,323i,COMPACT,2.5,6,M5,Z,13,258
2000,BMW,328Ci,COMPACT,2.8,6,A5,Z,13.9,274
2000,BMW,328Ci,COMPACT,2.8,6,M5,Z,13,258
2000,BMW,328i,COMPACT,2.8,6,A5,Z,13.9,274
2000,BMW,328i,COMPACT,2.8,6,M5,Z,13,258
2000,BMW,528i,COMPACT,2.8,6,A4,Z,14.6,288
2000,BMW,528i,COMPACT,2.8,6,M5,Z,13,258
2000,BMW,528i TOURING,STATION WAGON - SMALL,2.8,6,A4,Z,14.6,288
2000,BMW,528i TOURING,STATION WAGON - SMALL,2.8,6,M5,Z,14.5,285
2000,BMW,540i,COMPACT,4.4,8,A5,Z,14.7,294
2000,BMW,540i,COMPACT,4.4,8,M6,Z,16.4,317
2000,BMW,540i TOURING,STATION WAGON - SMALL,4.4,8,A5,Z,15.5,320
2000,BMW,740i,MID-SIZE,4.4,8,A5,Z,15.4,308
2000,BMW,740iL,FULL-SIZE,4.4,8,A5,Z,15.4,308
2000,BMW,750iL,FULL-SIZE,5.4,12,A5,Z,19.1,373
2000,BMW,M COUPE,TWO-SEATER,3.2,6,M5,Z,13.9,281
2000,BMW,M ROADSTER,MINICOMPACT,3.2,6,M5,Z,13.9,281
2000,BMW,M5,COMPACT,4.9,8,M6,Z,19.6,375
2000,BMW,X5,SUV,4.4,8,A5,Z,14.9,294
2000,BMW,Z3,SUBCOMPACT,2.5,6,A4,Z,14,278
2000,BMW,Z3,SUBCOMPACT,2.5,6,M5,Z,13.4,267
2000,BMW,Z3,SUBCOMPACT,2.8,6,A4,Z,13.9,278
2000,BMW,Z3,SUBCOMPACT,2.8,6,M5,Z,13.9,278
2000,BMW,Z8,TWO-SEATER,4.9,8,M6,Z,19.3,380
2000,BUICK,CENTURY,MID-SIZE,3.1,6,A4,X,13.1,255
2000,BUICK,LESABRE,FULL-SIZE,3.8,6,A4,X,13.8,265
2000,BUICK,PARK AVENUE,FULL-SIZE,3.8,6,A4,X,14.4,276
2000,BUICK,PARK AVENUE #,FULL-SIZE,3.8,6,A4,Z,15.1,290
2000,BUICK,REGAL,MID-SIZE,3.8,6,A4,X,13.5,262
2000,BUICK,REGAL #,MID-SIZE,3.8,6,A4,Z,15.1,290
2000,CADILLAC,CATERA,MID-SIZE,3,6,A4,Z,14.7,294
2000,CADILLAC,DEVILLE,FULL-SIZE,4.6,8,A4,Z,15.5,297
2000,CADILLAC,ELDORADO,MID-SIZE,4.6,8,A4,Z,15.5,297
2000,CADILLAC,ESCALADE 4X4,SUV,5.7,8,A4,X,21.2,430
2000,CADILLAC,SEVILLE,MID-SIZE,4.6,8,A4,Z,15.5,297
2000,CHEVROLET,ASTRO AWD CARGO,VAN - CARGO,4.3,6,A4,X,17,350
2000,CHEVROLET,ASTRO AWD PASSENGER,VAN - PASSENGER,4.3,6,A4,X,17.4,359
2000,CHEVROLET,ASTRO CARGO,VAN - CARGO,4.3,6,A4,X,16.2,336
2000,CHEVROLET,ASTRO PASSENGER,VAN - PASSENGER,4.3,6,A4,X,17.7,368
2000,CHEVROLET,BLAZER,SUV,4.3,6,A4,X,16.2,336
2000,CHEVROLET,BLAZER,SUV,4.3,6,M5,X,16.3,327
2000,CHEVROLET,BLAZER 4X4,SUV,4.3,6,A4,X,16.9,350
2000,CHEVROLET,BLAZER 4X4,SUV,4.3,6,M5,X,18.7,386
2000,CHEVROLET,C1500 SILVERADO,PICKUP TRUCK - STANDARD,4.3,6,A4,X,17.7,368
2000,CHEVROLET,C1500 SILVERADO,PICKUP TRUCK - STANDARD,4.3,6,M5,X,18.5,384
2000,CHEVROLET,C1500 SILVERADO,PICKUP TRUCK - STANDARD,4.8,8,A4,X,16.3,334
2000,CHEVROLET,C1500 SILVERADO,PICKUP TRUCK - STANDARD,4.8,8,M5,X,18.9,373
2000,CHEVROLET,C1500 SILVERADO,PICKUP TRUCK - STANDARD,5.3,8,A4,X,16.7,343
2000,CHEVROLET,C2500 SILVERADO,PICKUP TRUCK - STANDARD,5.3,8,A4,X,17.9,373
2000,CHEVROLET,C2500 SILVERADO,PICKUP TRUCK - STANDARD,6,8,A4,X,21.4,435
2000,CHEVROLET,CAMARO,SUBCOMPACT,3.8,6,A4,X,13.9,269
2000,CHEVROLET,CAMARO,SUBCOMPACT,3.8,6,M5,X,13.7,262
2000,CHEVROLET,CAMARO,SUBCOMPACT,5.7,8,A4,Z,15.4,306
2000,CHEVROLET,CAMARO,SUBCOMPACT,5.7,8,M6,Z,14.7,285
2000,CHEVROLET,CAVALIER,SUBCOMPACT,2.2,4,A4,X,11.6,232
2000,CHEVROLET,CAVALIER,SUBCOMPACT,2.2,4,M5,X,12.2,235
2000,CHEVROLET,CAVALIER,SUBCOMPACT,2.4,4,A4,X,12.5,248
2000,CHEVROLET,CAVALIER,SUBCOMPACT,2.4,4,M5,X,12.1,235
2000,CHEVROLET,CAVALIER BIFUEL,SUBCOMPACT,2.2,4,A3,X,11.8,242
2000,CHEVROLET,CORVETTE,SUBCOMPACT,5.7,8,A4,Z,15.5,308
2000,CHEVROLET,CORVETTE,SUBCOMPACT,5.7,8,M6,Z,14.4,278
2000,CHEVROLET,G15/G25 CHEVY VAN,VAN - CARGO,4.3,6,A4,X,17.8,368
2000,CHEVROLET,G15/G25 CHEVY VAN,VAN - CARGO,5,8,A4,X,18.2,373
2000,CHEVROLET,G15/G25 CHEVY VAN,VAN - CARGO,5.7,8,A4,X,19.3,398
2000,CHEVROLET,G1500/G2500 CHEVY EXPRESS,VAN - PASSENGER,4.3,6,A4,X,18.3,380
2000,CHEVROLET,G1500/G2500 CHEVY EXPRESS,VAN - PASSENGER,5,8,A4,X,18.5,384
2000,CHEVROLET,G1500/G2500 CHEVY EXPRESS,VAN - PASSENGER,5.7,8,A4,X,20.6,426
2000,CHEVROLET,IMPALA,FULL-SIZE,3.4,6,A4,X,13.6,260
2000,CHEVROLET,IMPALA,FULL-SIZE,3.8,6,A4,X,13.5,262
2000,CHEVROLET,K1500 SILVERADO 4X4,PICKUP TRUCK - STANDARD,4.3,6,A4,X,17,350
2000,CHEVROLET,K1500 SILVERADO 4X4,PICKUP TRUCK - STANDARD,4.3,6,M5,X,18.7,386
2000,CHEVROLET,K1500 SILVERADO 4X4,PICKUP TRUCK - STANDARD,4.8,8,A4,X,17.3,366
2000,CHEVROLET,K1500 SILVERADO 4X4,PICKUP TRUCK - STANDARD,4.8,8,M5,X,20.1,405
2000,CHEVROLET,K1500 SILVERADO 4X4,PICKUP TRUCK - STANDARD,5.3,8,A4,X,18,377
2000,CHEVROLET,K1500 TAHOE 4X4,SUV,5.7,8,A4,X,21.1,430
2000,CHEVROLET,LUMINA/MONTE CARLO,MID-SIZE,3.4,6,A4,X,13.6,260
2000,CHEVROLET,LUMINA/MONTE CARLO,MID-SIZE,3.8,6,A4,X,13.5,262
2000,CHEVROLET,MALIBU,MID-SIZE,3.1,6,A4,X,13.1,255
2000,CHEVROLET,METRO,SUBCOMPACT,1,3,M5,X,7.1,147
2000,CHEVROLET,METRO,SUBCOMPACT,1.3,4,A3,X,9.1,191
2000,CHEVROLET,METRO,SUBCOMPACT,1.3,4,M5,X,7.6,156
2000,CHEVROLET,NEW C1500 SUBURBAN,SUV,5.3,8,A4,X,18.9,391
2000,CHEVROLET,NEW C1500 TAHOE,SUV,4.8,8,A4,X,18.7,391
2000,CHEVROLET,NEW C1500 TAHOE,SUV,5.3,8,A4,X,18.9,391
2000,CHEVROLET,NEW K1500 TAHOE 4X4,SUV,4.8,8,A4,X,18.7,391
2000,CHEVROLET,NEW K1500 TAHOE 4X4,SUV,5.3,8,A4,X,18.9,391
2000,CHEVROLET,S10,PICKUP TRUCK - SMALL,2.2,4,A4,X,13.8,278
2000,CHEVROLET,S10,PICKUP TRUCK - SMALL,2.2,4,M5,X,12.2,246
2000,CHEVROLET,S10,PICKUP TRUCK - SMALL,4.3,6,A4,X,15.4,313
2000,CHEVROLET,S10,PICKUP TRUCK - SMALL,4.3,6,M5,X,16.1,322
2000,CHEVROLET,S10 4X4,PICKUP TRUCK - STANDARD,4.3,6,A4,X,16.8,345
2000,CHEVROLET,S10 4X4,PICKUP TRUCK - STANDARD,4.3,6,M5,X,16.3,329
2000,CHEVROLET,TRACKER 4X4,SUV,2,4,A4,X,11.7,251
2000,CHEVROLET,TRACKER 4X4,SUV,2,4,M5,X,11.9,255
2000,CHEVROLET,TRACKER CONVERTIBLE 4X4,SUV,1.6,4,M5,X,10.5,228
2000,CHEVROLET,TRACKER CONVERTIBLE 4X4,SUV,2,4,A4,X,11.7,251
2000,CHEVROLET,TRACKER CONVERTIBLE 4X4,SUV,2,4,M5,X,11.9,255
2000,CHEVROLET,VENTURE,MINIVAN,3.4,6,A4,X,14,281
2000,CHRYSLER,300M,FULL-SIZE,3.5,6,AS4,X,14.4,283
2000,CHRYSLER,CIRRUS,MID-SIZE,2.4,4,A4,X,13.4,265
2000,CHRYSLER,CIRRUS,MID-SIZE,2.5,6,A4,X,13.6,269
2000,CHRYSLER,CONCORDE,FULL-SIZE,2.7,6,A4,X,13.2,260
2000,CHRYSLER,CONCORDE,FULL-SIZE,3.2,6,A4,X,14.2,276
2000,CHRYSLER,INTREPID,FULL-SIZE,2.7,6,A4,X,13.2,260
2000,CHRYSLER,INTREPID,FULL-SIZE,2.7,6,AS4,X,13.2,258
2000,CHRYSLER,INTREPID,FULL-SIZE,3.2,6,AS4,X,14.2,274
2000,CHRYSLER,INTREPID,FULL-SIZE,3.5,6,AS4,X,14.4,283
2000,CHRYSLER,LHS,FULL-SIZE,3.5,6,A4,X,14.7,288
2000,CHRYSLER,NEON,COMPACT,2,4,A3,X,10.9,223
2000,CHRYSLER,NEON,COMPACT,2,4,M5,X,9.6,198
2000,CHRYSLER,PT CRUISER,SUBCOMPACT,2.4,4,A4,X,13.4,276
2000,CHRYSLER,PT CRUISER,SUBCOMPACT,2.4,4,M5,X,13.2,269
2000,CHRYSLER,SEBRING,COMPACT,2.5,6,A4,X,13.5,267
2000,CHRYSLER,SEBRING CONVERTIBLE,COMPACT,2.5,6,A4,X,13.6,269
2000,CHRYSLER,SEBRING CONVERTIBLE,COMPACT,2.5,6,AS4,X,14.7,288
2000,CHRYSLER,TOWN & COUNTRY,MINIVAN,3.8,6,A4,X,15.2,304
2000,CHRYSLER,TOWN & COUNTRY AWD,MINIVAN,3.8,6,A4,X,16.2,320
2000,DAEWOO,LANOS,SUBCOMPACT,1.5,4,A4,X,11.3,216
2000,DAEWOO,LANOS,SUBCOMPACT,1.5,4,M5,X,10.3,205
2000,DAEWOO,LANOS,SUBCOMPACT,1.6,4,A4,X,11.6,225
2000,DAEWOO,LANOS,SUBCOMPACT,1.6,4,M5,X,10.4,207
2000,DAEWOO,LEGANZA,COMPACT,2.2,4,A4,X,13.4,265
2000,DAEWOO,LEGANZA,COMPACT,2.2,4,M5,X,13.1,258
2000,DAEWOO,NUBIRA,COMPACT,2,4,A4,X,12,239
2000,DAEWOO,NUBIRA,COMPACT,2,4,M5,X,11.9,237
2000,DAEWOO,NUBIRA WAGON,STATION WAGON - SMALL,2,4,A4,X,12,239
2000,DAEWOO,NUBIRA WAGON,STATION WAGON - SMALL,2,4,M5,X,11.9,237
2000,DODGE,CARAVAN,MINIVAN,3,6,A4,X,14.6,290
2000,DODGE,CARAVAN,MINIVAN,3.3,6,A4,X,14.5,288
2000,DODGE,CARAVAN,MINIVAN,3.8,6,A4,X,15.2,304
2000,DODGE,CARAVAN FFV,MINIVAN,3.3,6,A4,X,14.5,288
2000,DODGE,CARAVAN FFV,MINIVAN,3.3,6,A4,E,20.6,283
2000,DODGE,DAKOTA,PICKUP TRUCK - STANDARD,3.9,6,A4,X,16.3,331
2000,DODGE,DAKOTA,PICKUP TRUCK - STANDARD,3.9,6,M5,X,16.8,329
2000,DODGE,DAKOTA,PICKUP TRUCK - STANDARD,4.7,8,A4,X,17.6,357
2000,DODGE,DAKOTA,PICKUP TRUCK - STANDARD,4.7,8,M5,X,18.3,363
2000,DODGE,DAKOTA,PICKUP TRUCK - STANDARD,5.9,8,A4,X,20.8,423
2000,DODGE,DAKOTA 4X4,PICKUP TRUCK - STANDARD,3.9,6,A4,X,18.1,375
2000,DODGE,DAKOTA 4X4,PICKUP TRUCK - STANDARD,3.9,6,M5,X,19.1,386
2000,DODGE,DAKOTA 4X4,PICKUP TRUCK - STANDARD,4.7,8,A4,X,18.3,370
2000,DODGE,DAKOTA 4X4,PICKUP TRUCK - STANDARD,4.7,8,M5,X,18.8,382
2000,DODGE,DAKOTA 4X4,PICKUP TRUCK - STANDARD,5.9,8,A4,X,22.3,444
2000,DODGE,DURANGO 4X4,SUV,4.7,8,A4,X,19.3,389
2000,DODGE,DURANGO 4X4,SUV,5.9,8,A4,X,22.3,444
2000,DODGE,DURANGO 5.9 R/T 4X4,SUV,5.9,8,A4,Z,22.3,444
2000,DODGE,GRAND CARAVAN,MINIVAN,3,6,A4,X,14.6,290
2000,DODGE,GRAND CARAVAN,MINIVAN,3.3,6,A4,X,14.5,288
2000,DODGE,GRAND CARAVAN,MINIVAN,3.8,6,A4,X,15.2,304
2000,DODGE,GRAND CARAVAN,MINIVAN,3.8,6,AS4,X,15.5,308
2000,DODGE,GRAND CARAVAN AWD,MINIVAN,3.8,6,A4,X,16.2,320
2000,DODGE,GRAND CARAVAN AWD,MINIVAN,3.8,6,AS4,X,16.4,324
2000,DODGE,GRAND CARAVAN FFV,MINIVAN,3.3,6,A4,X,14.5,288
2000,DODGE,GRAND CARAVAN FFV,MINIVAN,3.3,6,A4,E,20.6,283
2000,DODGE,RAM 1500,PICKUP TRUCK - STANDARD,3.9,6,A4,X,17.3,350
2000,DODGE,RAM 1500,PICKUP TRUCK - STANDARD,3.9,6,M5,X,17.4,345
2000,DODGE,RAM 1500,PICKUP TRUCK - STANDARD,5.2,8,A4,X,20,396
2000,DODGE,RAM 1500,PICKUP TRUCK - STANDARD,5.2,8,M5,X,20.2,396
2000,DODGE,RAM 1500,PICKUP TRUCK - STANDARD,5.9,8,A4,X,21.5,416
2000,DODGE,RAM 1500 4X4,PICKUP TRUCK - STANDARD,5.2,8,A4,X,21.6,435
2000,DODGE,RAM 1500 4X4,PICKUP TRUCK - STANDARD,5.2,8,M5,X,22.1,437
2000,DODGE,RAM 1500 4X4,PICKUP TRUCK - STANDARD,5.9,8,A4,X,21.6,426
2000,DODGE,RAM 1500 VAN,VAN - CARGO,3.9,6,A3,X,17.6,377
2000,DODGE,RAM 1500 VAN,VAN - CARGO,5.2,8,A4,X,19.6,386
2000,DODGE,RAM 1500 VAN,VAN - CARGO,5.9,8,A4,X,20.8,423
2000,DODGE,RAM 1500 WAGON,VAN - PASSENGER,3.9,6,A3,X,18.3,393
2000,DODGE,RAM 1500 WAGON,VAN - PASSENGER,5.2,8,A4,X,20,393
2000,DODGE,RAM 2500 VAN,VAN - CARGO,5.2,8,A4,X,20,393
2000,DODGE,RAM 2500 VAN,VAN - CARGO,5.9,8,A4,X,21.5,416
2000,DODGE,RAM 2500 VAN NGV,VAN - CARGO,5.2,8,A4,N,20.8,353
2000,DODGE,RAM 2500 WAGON,VAN - PASSENGER,5.2,8,A4,X,21.8,444
2000,DODGE,RAM 2500 WAGON,VAN - PASSENGER,5.9,8,A4,X,21.8,423
2000,DODGE,VIPER GTS,SUBCOMPACT,8,10,M6,Z,21.4,396
2000,DODGE,VIPER RT/10,SUBCOMPACT,8,10,M6,Z,21.4,396
2000,FERRARI,360 MODENA F1,TWO-SEATER,3.6,8,AS6,Z,24.6,474
2000,FERRARI,360 MODENA F1,TWO-SEATER,3.6,8,M6,Z,24.1,472
2000,FERRARI,456 MGT,SUBCOMPACT,5.5,12,A4,Z,26.7,513
2000,FERRARI,456 MGT,SUBCOMPACT,5.5,12,M6,Z,26.3,495
2000,FERRARI,456 MGTA,SUBCOMPACT,5.5,12,A4,Z,26.7,513
2000,FERRARI,456 MGTA,SUBCOMPACT,5.5,12,M6,Z,26.3,495
2000,FERRARI,550 MARANELLO,SUBCOMPACT,5.5,12,M6,Z,30.2,582
2000,FORD,COUGAR,COMPACT,2,4,M5,X,11.1,219
2000,FORD,COUGAR,COMPACT,2.5,6,A4,X,13.1,260
2000,FORD,COUGAR,COMPACT,2.5,6,M5,X,13.3,260
2000,FORD,CROWN VICTORIA,FULL-SIZE,4.6,8,A4,X,15.1,299
2000,FORD,E150 CLUB WAGON,VAN - PASSENGER,4.2,6,A4,X,19.1,393
2000,FORD,E150 CLUB WAGON,VAN - PASSENGER,4.6,8,A4,X,18.8,382
2000,FORD,E150 CLUB WAGON,VAN - PASSENGER,5.4,8,A4,X,19.9,403
2000,FORD,E150 VAN,VAN - CARGO,4.2,6,A4,X,19,389
2000,FORD,E150 VAN,VAN - CARGO,4.6,8,A4,X,17.8,359
2000,FORD,E150 VAN,VAN - CARGO,5.4,8,A4,X,17.9,363
2000,FORD,E250 VAN,VAN - CARGO,4.2,6,A4,X,19.1,391
2000,FORD,E250 VAN,VAN - CARGO,5.4,8,A4,X,20.2,403
2000,FORD,ESCORT ZX2,COMPACT,2,4,A4,X,10.6,216
2000,FORD,ESCORT ZX2,COMPACT,2,4,M5,X,10.6,216
2000,FORD,EXPEDITION,SUV,4.6,8,A4,X,17.8,359
2000,FORD,EXPEDITION,SUV,5.4,8,A4,X,20.2,403
2000,FORD,EXPEDITION 4X4,SUV,4.6,8,A4,X,19.3,391
2000,FORD,EXPEDITION 4X4,SUV,5.4,8,A4,X,21.1,426
2000,FORD,EXPLORER,SUV,4,6,M5,X,14.9,304
2000,FORD,EXPLORER,SUV,5,8,A4,X,18.4,368
2000,FORD,EXPLORER 4X4,SUV,4,6,M5,X,16.4,336
2000,FORD,EXPLORER 4X4,SUV,5,8,A4,X,18.7,373
2000,FORD,EXPLORER OHV,SUV,4,6,A5,X,17.1,357
2000,FORD,EXPLORER OHV 4X4,SUV,4,6,A5,X,17.3,352
2000,FORD,EXPLORER SOHC,SUV,4,6,A5,X,16.5,336
2000,FORD,EXPLORER SOHC 4X4,SUV,4,6,A5,X,16.7,343
2000,FORD,F150,PICKUP TRUCK - STANDARD,4.2,6,A4,X,16.7,340
2000,FORD,F150,PICKUP TRUCK - STANDARD,4.2,6,M5,X,16.3,334
2000,FORD,F150,PICKUP TRUCK - STANDARD,4.6,8,A4,X,17,345
2000,FORD,F150,PICKUP TRUCK - STANDARD,4.6,8,M5,X,17.8,354
2000,FORD,F150,PICKUP TRUCK - STANDARD,5.4,8,A4,X,17.9,363
2000,FORD,F150 4X4,PICKUP TRUCK - STANDARD,4.2,6,A4,X,17.3,359
2000,FORD,F150 4X4,PICKUP TRUCK - STANDARD,4.2,6,M5,X,18,373
2000,FORD,F150 4X4,PICKUP TRUCK - STANDARD,4.6,8,A4,X,18.5,380
2000,FORD,F150 4X4,PICKUP TRUCK - STANDARD,4.6,8,M5,X,18.8,380
2000,FORD,F150 4X4,PICKUP TRUCK - STANDARD,5.4,8,A4,X,20.7,423
2000,FORD,FOCUS SEDAN,COMPACT,2,4,A4,X,10.8,221
2000,FORD,FOCUS SEDAN,COMPACT,2,4,M5,X,10.8,216
2000,FORD,FOCUS WAGON,STATION WAGON - MID-SIZE,2,4,A4,X,10.6,219
2000,FORD,FOCUS WAGON,STATION WAGON - MID-SIZE,2,4,M5,X,10.9,216
2000,FORD,GRAND MARQUIS,FULL-SIZE,4.6,8,A4,X,15,297
2000,FORD,MUSTANG,SUBCOMPACT,3.8,6,A4,X,13.4,267
2000,FORD,MUSTANG,SUBCOMPACT,3.8,6,M5,X,13.6,267
2000,FORD,MUSTANG,SUBCOMPACT,4.6,8,A4,X,15.1,301
2000,FORD,MUSTANG,SUBCOMPACT,4.6,8,M5,X,15.4,304
2000,FORD,MUSTANG #,SUBCOMPACT,4.6,8,M5,X,15.7,308
2000,FORD,RANGER,PICKUP TRUCK - STANDARD,3,6,A4,X,15.7,315
2000,FORD,RANGER,PICKUP TRUCK - STANDARD,3,6,M5,X,16.2,322
2000,FORD,RANGER,PICKUP TRUCK - STANDARD,4,6,A5,X,17,354
2000,FORD,RANGER,PICKUP TRUCK - STANDARD,4,6,M5,X,14.9,306
2000,FORD,RANGER 4X4,PICKUP TRUCK - STANDARD,3,6,A4,X,16.4,336
2000,FORD,RANGER 4X4,PICKUP TRUCK - STANDARD,3,6,M5,X,15.5,320
2000,FORD,RANGER 4X4,PICKUP TRUCK - STANDARD,4,6,A5,X,17.3,357
2000,FORD,RANGER 4X4,PICKUP TRUCK - STANDARD,4,6,M5,X,16.5,340
2000,FORD,TAURUS,MID-SIZE,3,6,A4,X,13.6,267
2000,FORD,TAURUS #,MID-SIZE,3,6,A4,X,13.5,265
2000,FORD,TAURUS WAGON,STATION WAGON - MID-SIZE,3,6,A4,X,14.2,278
2000,FORD,TAURUS WAGON #,STATION WAGON - MID-SIZE,3,6,A4,X,14,276
2000,FORD,WINDSTAR VAN,VAN - CARGO,3,6,A4,X,15.6,311
2000,FORD,WINDSTAR VAN,VAN - CARGO,3.8,6,A4,X,14.9,304
2000,FORD,WINDSTAR WAGON,MINIVAN,3,6,A4,X,15.6,311
2000,FORD,WINDSTAR WAGON,MINIVAN,3.8,6,A4,X,15.5,311
2000,GMC,C1500 SIERRA,PICKUP TRUCK - STANDARD,4.3,6,A4,X,17.7,368
2000,GMC,C1500 SIERRA,PICKUP TRUCK - STANDARD,4.3,6,M5,X,18.5,384
2000,GMC,C1500 SIERRA,PICKUP TRUCK - STANDARD,4.8,8,A4,X,16.3,334
2000,GMC,C1500 SIERRA,PICKUP TRUCK - STANDARD,4.8,8,M5,X,18.9,373
2000,GMC,C1500 SIERRA,PICKUP TRUCK - STANDARD,5.3,8,A4,X,16.7,343
2000,GMC,C1500 YUKON,SUV,4.8,8,A4,X,18.7,391
2000,GMC,C1500 YUKON,SUV,5.3,8,A4,X,18.9,391
2000,GMC,C1500 YUKON XL,SUV,5.3,8,A4,X,18.9,391
2000,GMC,C2500 SIERRA,PICKUP TRUCK - STANDARD,5.3,8,A4,X,17.9,373
2000,GMC,C2500 SIERRA,PICKUP TRUCK - STANDARD,6,8,A4,X,21.4,435
2000,GMC,G15/G25 SAVANA CARGO,VAN - CARGO,4.3,6,A4,X,17.8,368
2000,GMC,G15/G25 SAVANA CARGO,VAN - CARGO,5,8,A4,X,18.2,373
2000,GMC,G15/G25 SAVANA CARGO,VAN - CARGO,5.7,8,A4,X,19.1,396
2000,GMC,G1500/G2500 SAVANA PASSENGER,VAN - PASSENGER,4.3,6,A4,X,18.3,380
2000,GMC,G1500/G2500 SAVANA PASSENGER,VAN - PASSENGER,5,8,A4,X,18.3,377
2000,GMC,G1500/G2500 SAVANA PASSENGER,VAN - PASSENGER,5.7,8,A4,X,20.6,426
2000,GMC,JIMMY,SUV,4.3,6,A4,X,16.2,336
2000,GMC,JIMMY,SUV,4.3,6,M5,X,16.3,327
2000,GMC,JIMMY 4X4,SUV,4.3,6,A4,X,17,350
2000,GMC,JIMMY 4X4,SUV,4.3,6,M5,X,18.7,386
2000,GMC,K1500 SIERRA 4X4,PICKUP TRUCK - STANDARD,4.3,6,A4,X,17,350
2000,GMC,K1500 SIERRA 4X4,PICKUP TRUCK - STANDARD,4.3,6,M5,X,18.7,386
2000,GMC,K1500 SIERRA 4X4,PICKUP TRUCK - STANDARD,4.8,8,A4,X,17.3,366
2000,GMC,K1500 SIERRA 4X4,PICKUP TRUCK - STANDARD,4.8,8,M5,X,20.2,407
2000,GMC,K1500 SIERRA 4X4,PICKUP TRUCK - STANDARD,5.3,8,A4,X,18,377
2000,GMC,K1500 YUKON 4X4,SUV,4.8,8,A4,X,18.7,391
2000,GMC,K1500 YUKON 4X4,SUV,5.3,8,A4,X,18.9,391
2000,GMC,K1500 YUKON 4X4,SUV,5.7,8,A4,X,21.2,430
2000,GMC,SAFARI CARGO,VAN - CARGO,4.3,6,A4,X,16.2,336
2000,GMC,SAFARI CARGO AWD,VAN - CARGO,4.3,6,A4,X,17,350
2000,GMC,SAFARI PASSENGER,VAN - PASSENGER,4.3,6,A4,X,17.7,368
2000,GMC,SAFARI PASSENGER AWD,VAN - PASSENGER,4.3,6,A4,X,17.4,359
2000,GMC,SONOMA,PICKUP TRUCK - SMALL,2.2,4,A4,X,13.8,278
2000,GMC,SONOMA,PICKUP TRUCK - SMALL,2.2,4,M5,X,12.2,246
2000,GMC,SONOMA,PICKUP TRUCK - SMALL,4.3,6,A4,X,15.4,313
2000,GMC,SONOMA,PICKUP TRUCK - SMALL,4.3,6,M5,X,16.2,322
2000,GMC,SONOMA 4X4,PICKUP TRUCK - STANDARD,4.3,6,A4,X,16.8,345
2000,GMC,SONOMA 4X4,PICKUP TRUCK - STANDARD,4.3,6,M5,X,16.3,329
2000,HONDA,ACCORD,MID-SIZE,3,6,A4,X,13,260
2000,HONDA,ACCORD DX,MID-SIZE,2.3,4,A4,X,12.2,246
2000,HONDA,ACCORD DX,MID-SIZE,2.3,4,M5,X,11.5,235
2000,HONDA,ACCORD EX/LX,MID-SIZE,2.3,4,A4,X,11.8,237
2000,HONDA,ACCORD EX/LX,MID-SIZE,2.3,4,M5,X,10.8,221
2000,HONDA,CIVIC COUPE Si,SUBCOMPACT,1.6,4,A4,X,10.5,216
2000,HONDA,CIVIC COUPE Si,SUBCOMPACT,1.6,4,M5,X,9.8,205
2000,HONDA,CIVIC COUPE SiR,SUBCOMPACT,1.6,4,M5,Z,10.9,223
2000,HONDA,CIVIC CX/DX/LX/EX,SUBCOMPACT,1.6,4,A4,X,10,202
2000,HONDA,CIVIC CX/DX/LX/EX,SUBCOMPACT,1.6,4,M5,X,8.8,184
2000,HONDA,CR-V,SUV,2,4,A4,X,12.5,267
2000,HONDA,CR-V,SUV,2,4,M5,X,12.5,267
2000,HONDA,INSIGHT,SUBCOMPACT,1,3,M5,X,4.9,104
2000,HONDA,ODYSSEY,MINIVAN,3.5,6,A4,X,14.9,292
2000,HONDA,PRELUDE,SUBCOMPACT,2.2,4,AS4,Z,12.7,260
2000,HONDA,PRELUDE,SUBCOMPACT,2.2,4,M5,Z,12,251
2000,HONDA,S2000,SUBCOMPACT,2,4,M6,Z,13.1,269
2000,HYUNDAI,ACCENT,COMPACT,1.5,4,A4,X,10.5,209
2000,HYUNDAI,ACCENT,COMPACT,1.5,4,M5,X,9.7,198
2000,HYUNDAI,ELANTRA,COMPACT,2,4,A4,X,12.2,242
2000,HYUNDAI,ELANTRA,COMPACT,2,4,M5,X,11.3,223
2000,HYUNDAI,ELANTRA WAGON,STATION WAGON - SMALL,2,4,A4,X,12.5,248
2000,HYUNDAI,ELANTRA WAGON,STATION WAGON - SMALL,2,4,M5,X,11.4,228
2000,HYUNDAI,SONATA 2.4L,MID-SIZE,2.4,4,A4,X,13,260
2000,HYUNDAI,SONATA 2.5L,MID-SIZE,2.5,6,A4,X,13.2,262
2000,HYUNDAI,TIBURON,SUBCOMPACT,2,4,A4,X,12.2,244
2000,HYUNDAI,TIBURON,SUBCOMPACT,2,4,M5,X,11.4,228
2000,INFINITI,G20,COMPACT,2,4,A4,X,11.6,235
2000,INFINITI,G20,COMPACT,2,4,M5,X,11.4,230
2000,INFINITI,I30,MID-SIZE,3,6,A4,X,13.4,265
2000,INFINITI,QX4 4X4,SUV,3.3,6,A4,X,17.7,366
2000,ISUZU,HOMBRE,PICKUP TRUCK - SMALL,2.2,4,A4,X,13.8,278
2000,ISUZU,HOMBRE,PICKUP TRUCK - SMALL,2.2,4,M5,X,12.2,246
2000,ISUZU,HOMBRE,PICKUP TRUCK - SMALL,4.3,6,A4,X,15.4,313
2000,ISUZU,HOMBRE 4X4,PICKUP TRUCK - STANDARD,4.3,6,A4,X,16.8,345
2000,ISUZU,RODEO 4X4,SUV,3.2,6,A4,X,16.6,340
2000,ISUZU,RODEO 4X4,SUV,3.2,6,M5,X,16.8,347
2000,ISUZU,TROOPER 4X4,SUV,3.5,6,A4,X,17.8,366
2000,ISUZU,TROOPER 4X4,SUV,3.5,6,M5,X,17.9,368
2000,JAGUAR,S-TYPE V6,MID-SIZE,3,6,A5,Z,14.8,290
2000,JAGUAR,S-TYPE V8,MID-SIZE,4,8,A5,Z,15.3,308
2000,JAGUAR,VANDEN PLAS,MID-SIZE,4,8,A5,Z,15.5,306
2000,JAGUAR,VANDEN PLAS SUPERCHARGED,MID-SIZE,4,8,A5,Z,16.6,331
2000,JAGUAR,XJ8,COMPACT,4,8,A5,Z,15.5,306
2000,JAGUAR,XJR #,COMPACT,4,8,A5,Z,16.5,331
2000,JAGUAR,XK8,SUBCOMPACT,4,8,A5,Z,15.4,304
2000,JAGUAR,XK8 CONVERTIBLE,MINICOMPACT,4,8,A5,Z,15.5,306
2000,JAGUAR,XKR #,SUBCOMPACT,4,8,A5,Z,15.7,313
2000,JAGUAR,XKR CONVERTIBLE #,MINICOMPACT,4,8,A5,Z,16.3,324
2000,JEEP,CHEROKEE 4X4,SUV,4,6,A4,X,16.6,338
2000,JEEP,CHEROKEE 4X4,SUV,4,6,M5,X,15.4,317
2000,JEEP,GRAND CHEROKEE 4X4,SUV,4,6,A4,X,16.5,336
2000,JEEP,GRAND CHEROKEE 4X4,SUV,4.7,8,A4,X,18,363
2000,JEEP,TJ 4X4,SUV,2.5,4,A3,X,16.6,357
2000,JEEP,TJ 4X4,SUV,2.5,4,M5,X,14.7,315
2000,JEEP,TJ 4X4,SUV,4,6,A3,X,17.3,368
2000,JEEP,TJ 4X4,SUV,4,6,M5,X,16.7,347
2000,KIA,SEPHIA,COMPACT,1.8,4,A4,X,11.7,235
2000,KIA,SEPHIA,COMPACT,1.8,4,M5,X,11.2,237
2000,KIA,SPORTAGE 4X4,SUV,2,4,A4,X,13.4,294
2000,KIA,SPORTAGE 4X4,SUV,2,4,M5,X,12.8,288
2000,LAND ROVER,DISCOVERY SERIES II 4X4,SUV,4,8,A4,Z,19.6,403
2000,LAND ROVER,DISCOVERY SERIES II 4X4,SUV,4,8,A4,Z,19.6,403
2000,LAND ROVER,RANGE ROVER 4X4,SUV,4,8,A4,Z,19.6,403
2000,LAND ROVER,RANGE ROVER 4X4,SUV,4.6,8,A4,Z,22.1,458
2000,LEXUS,ES 300,COMPACT,3,6,A4,X,13.8,276
2000,LEXUS,GS 300,MID-SIZE,3,6,A5,Z,13.7,281
2000,LEXUS,GS 400,MID-SIZE,4,8,A5,Z,15,299
2000,LEXUS,LS 400,MID-SIZE,4,8,A5,Z,14.3,285
2000,LEXUS,LX 470,SUV,4.7,8,A4,X,19.4,405
2000,LEXUS,RX 300,SUV,3,6,A4,X,14.2,292
2000,LEXUS,RX 300 4X4,SUV,3,6,A4,X,14.4,299
2000,LINCOLN,CONTINENTAL,FULL-SIZE,4.6,8,A4,Z,15.2,297
2000,LINCOLN,LS,MID-SIZE,3,6,A5,X,15.4,304
2000,LINCOLN,LS,MID-SIZE,3,6,M5,X,15.5,304
2000,LINCOLN,LS,MID-SIZE,3.9,8,A5,X,15.9,313
2000,LINCOLN,NAVIGATOR 4X4,SUV,5.4,8,A4,Z,21.4,430
2000,LINCOLN,TOWN CAR,FULL-SIZE,4.6,8,A4,X,15.3,304
2000,MAZDA,626,MID-SIZE,2,4,A4,X,12.7,258
2000,MAZDA,626,MID-SIZE,2,4,M5,X,10.6,219
2000,MAZDA,626,MID-SIZE,2.5,6,A4,Z,13.7,278
2000,MAZDA,626,MID-SIZE,2.5,6,M5,Z,13.3,271
2000,MAZDA,B3000,PICKUP TRUCK - STANDARD,3,6,A4,X,15.6,313
2000,MAZDA,B3000,PICKUP TRUCK - STANDARD,3,6,M5,X,16.2,322
2000,MAZDA,B4000,PICKUP TRUCK - STANDARD,4,6,A5,X,17.1,357
2000,MAZDA,B4000,PICKUP TRUCK - STANDARD,4,6,M5,X,15.5,320
2000,MAZDA,B4000 4X4,PICKUP TRUCK - STANDARD,4,6,A5,X,17.2,354
2000,MAZDA,B4000 4X4,PICKUP TRUCK - STANDARD,4,6,M5,X,16.5,343
2000,MAZDA,MILLENIA,COMPACT,2.5,6,A4,Z,13.8,276
2000,MAZDA,MILLENIA #,COMPACT,2.3,6,A4,Z,13.7,271
2000,MAZDA,MPV,MINIVAN,2.5,6,A4,X,15.2,313
2000,MAZDA,MX-5 MIATA,SUBCOMPACT,1.8,4,A4,X,11.9,244
2000,MAZDA,MX-5 MIATA,SUBCOMPACT,1.8,4,M5,X,11.1,230
2000,MAZDA,MX-5 MIATA,SUBCOMPACT,1.8,4,M6,X,11.5,239
2000,MAZDA,PROTEGE,COMPACT,1.6,4,A4,X,10.6,221
2000,MAZDA,PROTEGE,COMPACT,1.6,4,M5,X,9.8,207
2000,MAZDA,PROTEGE,COMPACT,1.8,4,A4,X,11.2,230
2000,MAZDA,PROTEGE,COMPACT,1.8,4,M5,X,10.2,212
2000,MERCEDES-BENZ,C 230 KOMPRESSOR #,COMPACT,2.3,4,A5,Z,12.5,251
2000,MERCEDES-BENZ,C 280,COMPACT,2.8,6,A5,Z,12.7,258
2000,MERCEDES-BENZ,C 43 AMG,COMPACT,4.3,8,A5,Z,14.7,304
2000,MERCEDES-BENZ,CLK 320,SUBCOMPACT,3.2,6,A5,Z,12.9,255
2000,MERCEDES-BENZ,CLK 320 CABRIOLET,MINICOMPACT,3.2,6,A5,Z,13.6,269
2000,MERCEDES-BENZ,CLK 430,SUBCOMPACT,4.3,8,A5,Z,14.4,290
2000,MERCEDES-BENZ,CLK 430 CABRIOLET,MINICOMPACT,4.3,8,A5,Z,15.2,304
2000,MERCEDES-BENZ,E 320,MID-SIZE,3.2,6,A5,Z,12.9,253
2000,MERCEDES-BENZ,E 320 4MATIC,MID-SIZE,3.2,6,A5,Z,13.1,262
2000,MERCEDES-BENZ,E 320 4MATIC WAGON,STATION WAGON - MID-SIZE,3.2,6,A5,Z,13.5,274
2000,MERCEDES-BENZ,E 320 WAGON,STATION WAGON - MID-SIZE,3.2,6,A5,Z,13.2,267
2000,MERCEDES-BENZ,E 430,MID-SIZE,4.3,8,A5,Z,14.6,292
2000,MERCEDES-BENZ,E 430 4MATIC,MID-SIZE,4.3,8,A5,Z,15.1,306
2000,MERCEDES-BENZ,E 55 AMG,MID-SIZE,5.5,8,A5,Z,16,317
2000,MERCEDES-BENZ,ML 320,SUV,3.2,6,A5,Z,16.1,336
2000,MERCEDES-BENZ,ML 430,SUV,4.3,8,A5,Z,17,354
2000,MERCEDES-BENZ,S 430,FULL-SIZE,4.3,8,A5,Z,15.3,304
2000,MERCEDES-BENZ,S 500,FULL-SIZE,5,8,A5,Z,16.1,320
2000,MERCEDES-BENZ,SL 500,SUBCOMPACT,5,8,A5,Z,16.3,322
2000,MERCEDES-BENZ,SL 600,SUBCOMPACT,6,12,A5,Z,20.1,393
2000,MERCEDES-BENZ,SLK 230 KOMPRESSOR #,SUBCOMPACT,2.3,4,A5,Z,12,242
2000,MERCEDES-BENZ,SLK 230 KOMPRESSOR #,SUBCOMPACT,2.3,4,M5,Z,12.6,246
2000,NISSAN,ALTIMA,COMPACT,2.4,4,A4,X,12.8,258
2000,NISSAN,ALTIMA,COMPACT,2.4,4,M5,X,11.6,235
2000,NISSAN,FRONTIER,PICKUP TRUCK - STANDARD,2.4,4,A4,X,13.5,283
2000,NISSAN,FRONTIER,PICKUP TRUCK - STANDARD,2.4,4,M5,X,12.1,255
2000,NISSAN,FRONTIER 4X4,PICKUP TRUCK - STANDARD,2.4,4,M5,X,14.9,313
2000,NISSAN,FRONTIER V6,PICKUP TRUCK - STANDARD,3.3,6,A4,X,16.8,350
2000,NISSAN,FRONTIER V6,PICKUP TRUCK - STANDARD,3.3,6,M5,X,16.1,345
2000,NISSAN,FRONTIER V6 4X4,PICKUP TRUCK - STANDARD,3.3,6,A4,X,17.3,361
2000,NISSAN,FRONTIER V6 4X4,PICKUP TRUCK - STANDARD,3.3,6,M5,X,16.2,350
2000,NISSAN,MAXIMA,MID-SIZE,3,6,A4,X,13.4,265
2000,NISSAN,MAXIMA,MID-SIZE,3,6,M5,X,12.3,253
2000,NISSAN,PATHFINDER 4X4,SUV,3.3,6,A4,X,17.3,361
2000,NISSAN,PATHFINDER 4X4,SUV,3.3,6,M5,X,16.5,357
2000,NISSAN,QUEST,MINIVAN,3.3,6,A4,X,15.5,306
2000,NISSAN,XTERRA,SUV,2.4,4,M5,X,14.2,292
2000,NISSAN,XTERRA V6,SUV,3.3,6,A4,X,16.5,343
2000,NISSAN,XTERRA V6,SUV,3.3,6,M5,X,15.9,338
2000,NISSAN,XTERRA V6 4X4,SUV,3.3,6,A4,X,17.3,361
2000,NISSAN,XTERRA V6 4X4,SUV,3.3,6,M5,X,16.2,350
2000,OLDSMOBILE,ALERO,COMPACT,2.4,4,A4,X,12.1,242
2000,OLDSMOBILE,ALERO,COMPACT,2.4,4,M5,X,12.5,244
2000,OLDSMOBILE,ALERO,COMPACT,3.4,6,A4,X,13.6,262
2000,OLDSMOBILE,INTRIGUE,MID-SIZE,3.5,6,A4,X,14.7,283
2000,OLDSMOBILE,SILHOUETTE,MINIVAN,3.4,6,A4,X,14,281
2000,PLYMOUTH,PROWLER,SUBCOMPACT,3.5,6,AS4,Z,15.4,308
2000,PONTIAC,BONNEVILLE,FULL-SIZE,3.8,6,A4,X,14.4,276
2000,PONTIAC,BONNEVILLE #,FULL-SIZE,3.8,6,A4,Z,15.1,290
2000,PONTIAC,FIREBIRD/FORMULA,SUBCOMPACT,3.8,6,A4,X,13.9,269
2000,PONTIAC,FIREBIRD/FORMULA,SUBCOMPACT,3.8,6,M5,X,13.8,265
2000,PONTIAC,FIREBIRD/FORMULA,SUBCOMPACT,5.7,8,A4,Z,14.9,299
2000,PONTIAC,FIREBIRD/FORMULA,SUBCOMPACT,5.7,8,M6,Z,14.9,290
2000,PONTIAC,FIREFLY,SUBCOMPACT,1,3,M5,X,7.1,147
2000,PONTIAC,FIREFLY,SUBCOMPACT,1.3,4,A3,X,9.1,191
2000,PONTIAC,FIREFLY,SUBCOMPACT,1.3,4,M5,X,7.6,156
2000,PONTIAC,GRAND AM,COMPACT,2.4,4,A4,X,12.1,242
2000,PONTIAC,GRAND AM,COMPACT,2.4,4,M5,X,12.5,244
2000,PONTIAC,GRAND AM,COMPACT,3.4,6,A4,X,13.6,262
2000,PONTIAC,GRAND PRIX,MID-SIZE,3.1,6,A4,X,13.1,255
2000,PONTIAC,GRAND PRIX,MID-SIZE,3.8,6,A4,X,13.5,262
2000,PONTIAC,GRAND PRIX #,MID-SIZE,3.8,6,A4,Z,15,288
2000,PONTIAC,MONTANA,MINIVAN,3.4,6,A4,X,14,281
2000,PONTIAC,SUNFIRE,SUBCOMPACT,2.2,4,A3,X,11.8,242
2000,PONTIAC,SUNFIRE,SUBCOMPACT,2.2,4,A4,X,11.6,232
2000,PONTIAC,SUNFIRE,SUBCOMPACT,2.2,4,M5,X,12.2,235
2000,PONTIAC,SUNFIRE,SUBCOMPACT,2.4,4,A4,X,12.5,248
2000,PONTIAC,SUNFIRE,SUBCOMPACT,2.4,4,M5,X,12.1,235
2000,PORSCHE,911 CARRERA,MINICOMPACT,3.4,6,AS5,Z,16,308
2000,PORSCHE,911 CARRERA,MINICOMPACT,3.4,6,M6,Z,15.4,301
2000,PORSCHE,911 CARRERA 4,MINICOMPACT,3.4,6,AS5,Z,16,313
2000,PORSCHE,911 CARRERA 4,MINICOMPACT,3.4,6,M6,Z,15.7,311
2000,PORSCHE,BOXSTER,TWO-SEATER,2.7,6,AS5,Z,15.3,301
2000,PORSCHE,BOXSTER,TWO-SEATER,2.7,6,M5,Z,15,297
2000,PORSCHE,BOXSTER S,TWO-SEATER,3.2,6,AS5,Z,15.9,311
2000,PORSCHE,BOXSTER S,TWO-SEATER,3.2,6,M6,Z,15,294
2000,SAAB,9-3 TURBO,MID-SIZE,2,4,A4,X,13.4,274
2000,SAAB,9-3 TURBO,MID-SIZE,2,4,M5,X,12.9,255
2000,SAAB,9-3 TURBO,MID-SIZE,2.3,4,M5,X,13.1,258
2000,SAAB,9-5 TURBO,FULL-SIZE,2.3,4,A4,X,13.9,276
2000,SAAB,9-5 TURBO,FULL-SIZE,2.3,4,M5,X,13.2,260
2000,SAAB,9-5 TURBO,FULL-SIZE,3,6,A4,X,14.3,283
2000,SAAB,9-5 WAGON TURBO,STATION WAGON - MID-SIZE,2.3,4,A4,X,13.9,276
2000,SAAB,9-5 WAGON TURBO,STATION WAGON - MID-SIZE,2.3,4,M5,X,13.2,260
2000,SAAB,9-5 WAGON TURBO,STATION WAGON - MID-SIZE,3,6,A4,X,14.3,283
2000,SATURN,LS,MID-SIZE,2.2,4,A4,X,11.9,239
2000,SATURN,LS,MID-SIZE,2.2,4,M5,X,12.2,235
2000,SATURN,LS,MID-SIZE,3,6,A4,X,13.3,269
2000,SATURN,LW WAGON,STATION WAGON - MID-SIZE,2.2,4,A4,X,12.1,244
2000,SATURN,LW WAGON,STATION WAGON - MID-SIZE,3,6,A4,X,13.3,269
2000,SATURN,SC,SUBCOMPACT,1.9,4,A4,X,10.1,200
2000,SATURN,SC,SUBCOMPACT,1.9,4,M5,X,9.8,191
2000,SATURN,SC #,SUBCOMPACT,1.9,4,A4,X,10.6,207
2000,SATURN,SC #,SUBCOMPACT,1.9,4,M5,X,10.3,202
2000,SATURN,SL,COMPACT,1.9,4,A4,X,10.1,198
2000,SATURN,SL,COMPACT,1.9,4,M5,X,9.3,184
2000,SATURN,SL #,COMPACT,1.9,4,A4,X,10.6,207
2000,SATURN,SL #,COMPACT,1.9,4,M5,X,10.3,202
2000,SATURN,SW WAGON #,STATION WAGON - SMALL,1.9,4,A4,X,10.6,207
2000,SATURN,SW WAGON #,STATION WAGON - SMALL,1.9,4,M5,X,10.3,202
2000,SUBARU,FORESTER AWD,SUV,2.5,4,A4,X,12.2,246
2000,SUBARU,FORESTER AWD,SUV,2.5,4,M5,X,12.5,248
2000,SUBARU,IMPREZA AWD,SUBCOMPACT,2.2,4,A4,X,11.7,239
2000,SUBARU,IMPREZA AWD,SUBCOMPACT,2.2,4,M5,X,11.8,242
2000,SUBARU,IMPREZA AWD,SUBCOMPACT,2.5,4,A4,X,11.8,244
2000,SUBARU,IMPREZA AWD,SUBCOMPACT,2.5,4,M5,X,12.8,258
2000,SUBARU,IMPREZA WAGON AWD,STATION WAGON - SMALL,2.2,4,A4,X,11.7,239
2000,SUBARU,IMPREZA WAGON AWD,STATION WAGON - SMALL,2.2,4,M5,X,11.8,242
2000,SUBARU,LEGACY AWD,COMPACT,2.5,4,A4,X,12.2,253
2000,SUBARU,LEGACY AWD,COMPACT,2.5,4,M5,X,12.5,253
2000,SUBARU,LEGACY WAGON AWD,STATION WAGON - MID-SIZE,2.5,4,A4,X,12.2,255
2000,SUBARU,LEGACY WAGON AWD,STATION WAGON - MID-SIZE,2.5,4,M5,X,12.5,253
2000,SUZUKI,ESTEEM,SUBCOMPACT,1.6,4,A4,X,9.9,205
2000,SUZUKI,ESTEEM,SUBCOMPACT,1.6,4,M5,X,8.8,182
2000,SUZUKI,ESTEEM WAGON,STATION WAGON - SMALL,1.8,4,A4,X,10.3,209
2000,SUZUKI,ESTEEM WAGON,STATION WAGON - SMALL,1.8,4,M5,X,9.6,196
2000,SUZUKI,GRAND VITARA 4X4,SUV,2.5,6,A4,X,14.2,304
2000,SUZUKI,GRAND VITARA 4X4,SUV,2.5,6,M5,X,13.8,294
2000,SUZUKI,SWIFT,SUBCOMPACT,1.3,4,A3,X,9.1,191
2000,SUZUKI,SWIFT,SUBCOMPACT,1.3,4,M5,X,7.6,156
2000,SUZUKI,VITARA 4X4,SUV,2,4,A4,X,11.7,251
2000,SUZUKI,VITARA 4X4,SUV,2,4,M5,X,11.8,253
2000,SUZUKI,VITARA CONVERTIBLE 4X4,SUV,1.6,4,M5,X,10.5,228
2000,SUZUKI,VITARA CONVERTIBLE 4X4,SUV,2,4,A4,X,11.7,253
2000,SUZUKI,VITARA CONVERTIBLE 4X4,SUV,2,4,M5,X,11.8,255
2000,TOYOTA,4RUNNER 4X4,SUV,2.7,4,A4,X,14.2,301
2000,TOYOTA,4RUNNER 4X4,SUV,2.7,4,M5,X,15.4,320
2000,TOYOTA,4RUNNER 4X4,SUV,3.4,6,A4,X,15.7,334
2000,TOYOTA,4RUNNER 4X4,SUV,3.4,6,M5,X,15.7,331
2000,TOYOTA,AVALON,FULL-SIZE,3,6,A4,X,12.7,251
2000,TOYOTA,CAMRY,MID-SIZE,2.2,4,A4,X,11.8,239
2000,TOYOTA,CAMRY,MID-SIZE,2.2,4,M5,X,11.4,228
2000,TOYOTA,CAMRY,MID-SIZE,3,6,A4,X,13.4,267
2000,TOYOTA,CAMRY SOLARA,COMPACT,2.2,4,A4,X,11.8,239
2000,TOYOTA,CAMRY SOLARA,COMPACT,3,6,A4,X,13.4,267
2000,TOYOTA,CAMRY SOLARA,COMPACT,3,6,M5,X,12.7,253
2000,TOYOTA,CAMRY SOLARA CONVERTIBLE,SUBCOMPACT,3,6,A4,X,14,278
2000,TOYOTA,CELICA,SUBCOMPACT,1.8,4,A4,X,10.1,205
2000,TOYOTA,CELICA,SUBCOMPACT,1.8,4,AS4,Z,11.6,237
2000,TOYOTA,CELICA,SUBCOMPACT,1.8,4,M5,X,10,209
2000,TOYOTA,CELICA,SUBCOMPACT,1.8,4,M6,Z,11.6,230
2000,TOYOTA,COROLLA,COMPACT,1.8,4,A4,X,9.3,189
2000,TOYOTA,COROLLA,COMPACT,1.8,4,M5,X,8.7,179
2000,TOYOTA,ECHO,COMPACT,1.5,4,A4,X,8.6,179
2000,TOYOTA,ECHO,COMPACT,1.5,4,M5,X,8.2,173
2000,TOYOTA,RAV4,SUV,2,4,A4,X,11.3,235
2000,TOYOTA,RAV4,SUV,2,4,M5,X,11.2,232
2000,TOYOTA,RAV4 4X4,SUV,2,4,A4,X,12.2,258
2000,TOYOTA,RAV4 4X4,SUV,2,4,M5,X,12.1,258
2000,TOYOTA,RAV4 SOFT TOP,SUV,2,4,A4,X,11.3,235
2000,TOYOTA,RAV4 SOFT TOP,SUV,2,4,M5,X,11.2,232
2000,TOYOTA,RAV4 SOFT TOP 4X4,SUV,2,4,A4,X,11.8,251
2000,TOYOTA,RAV4 SOFT TOP 4X4,SUV,2,4,M5,X,11.9,253
2000,TOYOTA,SIENNA,MINIVAN,3,6,A4,X,14.3,288
2000,TOYOTA,TACOMA,PICKUP TRUCK - STANDARD,2.4,4,A4,X,12.6,267
2000,TOYOTA,TACOMA,PICKUP TRUCK - STANDARD,2.4,4,M5,X,12.2,253
2000,TOYOTA,TACOMA,PICKUP TRUCK - STANDARD,2.7,4,A4,X,14,301
2000,TOYOTA,TACOMA,PICKUP TRUCK - STANDARD,3.4,6,A4,X,15.3,324
2000,TOYOTA,TACOMA 4X4,PICKUP TRUCK - STANDARD,2.7,4,A4,X,14.2,301
2000,TOYOTA,TACOMA 4X4,PICKUP TRUCK - STANDARD,2.7,4,M5,X,15.7,329
2000,TOYOTA,TACOMA 4X4,PICKUP TRUCK - STANDARD,3.4,6,A4,X,15.2,324
2000,TOYOTA,TACOMA 4X4,PICKUP TRUCK - STANDARD,3.4,6,M5,X,15.7,331
2000,TOYOTA,TUNDRA,PICKUP TRUCK - STANDARD,3.4,6,A4,X,15.7,331
2000,TOYOTA,TUNDRA,PICKUP TRUCK - STANDARD,3.4,6,M5,X,16,336
2000,TOYOTA,TUNDRA,PICKUP TRUCK - STANDARD,4.7,8,A4,X,17.3,363
2000,TOYOTA,TUNDRA 4X4,PICKUP TRUCK - STANDARD,3.4,6,A4,X,17.2,368
2000,TOYOTA,TUNDRA 4X4,PICKUP TRUCK - STANDARD,3.4,6,M5,X,17.1,363
2000,TOYOTA,TUNDRA 4X4,PICKUP TRUCK - STANDARD,4.7,8,A4,X,18.2,382
2000,VOLKSWAGEN,CABRIO,SUBCOMPACT,2,4,A4,X,12.6,253
2000,VOLKSWAGEN,CABRIO,SUBCOMPACT,2,4,M5,X,11.2,230
2000,VOLKSWAGEN,EUROVAN,MINIVAN,2.8,6,A4,X,17.6,357
2000,VOLKSWAGEN,EUROVAN CAMPER,MINIVAN,2.8,6,A4,X,18.6,375
2000,VOLKSWAGEN,GOLF,COMPACT,1.8,4,A4,Z,12.1,248
2000,VOLKSWAGEN,GOLF,COMPACT,1.8,4,M5,Z,11.1,225
2000,VOLKSWAGEN,GOLF,COMPACT,2,4,A4,X,11.9,244
2000,VOLKSWAGEN,GOLF,COMPACT,2,4,M5,X,11.2,228
2000,VOLKSWAGEN,GOLF TDI DIESEL,COMPACT,1.9,4,A4,D,8.1,192
2000,VOLKSWAGEN,GOLF TDI DIESEL,COMPACT,1.9,4,M5,D,6.7,165
2000,VOLKSWAGEN,GTI,COMPACT,1.8,4,M5,Z,11.1,225
2000,VOLKSWAGEN,GTI,COMPACT,2,4,A4,X,11.9,244
2000,VOLKSWAGEN,GTI,COMPACT,2,4,M5,X,11.2,228
2000,VOLKSWAGEN,GTI,COMPACT,2.8,6,M5,X,13.2,260
2000,VOLKSWAGEN,JETTA,COMPACT,1.8,4,A4,Z,12.1,248
2000,VOLKSWAGEN,JETTA,COMPACT,1.8,4,M5,Z,11.1,225
2000,VOLKSWAGEN,JETTA,COMPACT,2,4,A4,X,11.9,244
2000,VOLKSWAGEN,JETTA,COMPACT,2,4,M5,X,11.2,228
2000,VOLKSWAGEN,JETTA,COMPACT,2.8,6,A4,X,14.2,283
2000,VOLKSWAGEN,JETTA,COMPACT,2.8,6,M5,X,13.6,267
2000,VOLKSWAGEN,JETTA TDI DIESEL,COMPACT,1.9,4,A4,D,8.1,192
2000,VOLKSWAGEN,JETTA TDI DIESEL,COMPACT,1.9,4,M5,D,6.7,165
2000,VOLKSWAGEN,NEW BEETLE,SUBCOMPACT,1.8,4,A4,Z,11.9,248
2000,VOLKSWAGEN,NEW BEETLE,SUBCOMPACT,1.8,4,M5,Z,10.6,223
2000,VOLKSWAGEN,NEW BEETLE,SUBCOMPACT,2,4,A4,X,11.9,244
2000,VOLKSWAGEN,NEW BEETLE,SUBCOMPACT,2,4,M5,X,11.2,228
2000,VOLKSWAGEN,NEW BEETLE TDI DIESEL,SUBCOMPACT,1.9,4,A4,D,8.1,192
2000,VOLKSWAGEN,NEW BEETLE TDI DIESEL,SUBCOMPACT,1.9,4,M5,D,6.7,165
2000,VOLKSWAGEN,PASSAT,MID-SIZE,1.8,4,A5,Z,13.2,258
2000,VOLKSWAGEN,PASSAT,MID-SIZE,1.8,4,M5,Z,11.2,225
2000,VOLKSWAGEN,PASSAT,MID-SIZE,2.8,6,A5,Z,14.7,288
2000,VOLKSWAGEN,PASSAT,MID-SIZE,2.8,6,M5,Z,13.4,262
2000,VOLKSWAGEN,PASSAT WAGON,STATION WAGON - MID-SIZE,1.8,4,A5,Z,13.2,258
2000,VOLKSWAGEN,PASSAT WAGON,STATION WAGON - MID-SIZE,1.8,4,M5,Z,11.2,225
2000,VOLKSWAGEN,PASSAT WAGON,STATION WAGON - MID-SIZE,2.8,6,A5,Z,14.7,288
2000,VOLKSWAGEN,PASSAT WAGON,STATION WAGON - MID-SIZE,2.8,6,M5,Z,13.4,262
2000,VOLVO,C70 CONVERTIBLE TURBO,SUBCOMPACT,2.3,5,A4,Z,14.2,285
2000,VOLVO,C70 CONVERTIBLE TURBO,SUBCOMPACT,2.3,5,M5,Z,13.4,269
2000,VOLVO,C70 CONVERTIBLE TURBO,SUBCOMPACT,2.4,5,A4,Z,13.9,278
2000,VOLVO,C70 TURBO,COMPACT,2.3,5,A4,Z,13.9,274
2000,VOLVO,C70 TURBO,COMPACT,2.3,5,M5,Z,13,260
2000,VOLVO,C70 TURBO,COMPACT,2.4,5,A4,Z,13.6,274
2000,VOLVO,S70,MID-SIZE,2.4,5,A5,Z,13.2,262
2000,VOLVO,S70,MID-SIZE,2.4,5,M5,Z,12.6,251
2000,VOLVO,S70 AWD TURBO,MID-SIZE,2.4,5,A4,Z,14.4,288
2000,VOLVO,S70 GLT TURBO,MID-SIZE,2.4,5,A4,Z,13.6,274
2000,VOLVO,S70 T5 TURBO,MID-SIZE,2.3,5,A4,Z,13.9,274
2000,VOLVO,S70 T5 TURBO,MID-SIZE,2.3,5,M5,Z,13,260
2000,VOLVO,S80 2.9,MID-SIZE,2.9,6,A4,Z,14.5,285
2000,VOLVO,S80 T-6,MID-SIZE,2.8,6,AS4,Z,15.1,297
2000,VOLVO,V70,STATION WAGON - MID-SIZE,2.4,5,A5,Z,13.2,262
2000,VOLVO,V70,STATION WAGON - MID-SIZE,2.4,5,M5,Z,12.6,251
2000,VOLVO,V70 AWD TURBO,STATION WAGON - MID-SIZE,2.4,5,A4,Z,14.4,288
2000,VOLVO,V70 GLT TURBO,STATION WAGON - MID-SIZE,2.4,5,A4,Z,13.6,274
2000,VOLVO,V70 T5 TURBO,STATION WAGON - MID-SIZE,2.3,5,A4,Z,13.9,274
2000,VOLVO,V70 T5 TURBO,STATION WAGON - MID-SIZE,2.3,5,M5,Z,13,260
2000,VOLVO,V70R AWD TURBO,STATION WAGON - MID-SIZE,2.4,5,A5,Z,14.7,299
